{"stats":{"minecraft:used":{"minecraft:cherry_boat":3,"minecraft:dark_oak_planks":3,"minecraft:water_bucket":12,"minecraft:ender_eye":12,"minecraft:acacia_sign":3,"minecraft:flint_and_steel":2,"minecraft:grass_block":54,"minecraft:spruce_slab":1,"minecraft:dark_oak_sign":3,"minecraft:powered_rail":94,"minecraft:oak_planks":2,"minecraft:oak_sign":16,"minecraft:ender_pearl":1,"minecraft:spruce_planks":38,"minecraft:stone_slab":2,"minecraft:stone":38,"minecraft:redstone_block":2,"minecraft:glow_ink_sac":2,"minecraft:cobblestone_slab":1,"minecraft:player_head":19,"minecraft:jungle_sign":1,"minecraft:dirt":207,"minecraft:rail":1454,"minecraft:bow":10,"minecraft:dark_oak_fence":1,"minecraft:minecart":9,"minecraft:netherite_pickaxe":724,"minecraft:andesite":3,"minecraft:end_portal_frame":12,"minecraft:pink_dye":2},"minecraft:custom":{"minecraft:time_since_rest":402227,"minecraft:sprint_one_cm":441513,"minecraft:walk_one_cm":232636,"minecraft:mob_kills":39,"minecraft:minecart_one_cm":69953,"minecraft:swim_one_cm":2346,"minecraft:fly_one_cm":2253052,"minecraft:open_barrel":2,"minecraft:crouch_one_cm":8370,"minecraft:play_time":402227,"minecraft:sneak_time":4185,"minecraft:walk_under_water_one_cm":42718,"minecraft:boat_one_cm":1025,"minecraft:jump":440,"minecraft:leave_game":41,"minecraft:walk_on_water_one_cm":26605,"minecraft:time_since_death":402227,"minecraft:climb_one_cm":1314,"minecraft:total_world_time":402227,"minecraft:fall_one_cm":209},"minecraft:picked_up":{"minecraft:dandelion":2,"minecraft:jungle_sign":1,"minecraft:oak_sign":3,"minecraft:wheat_seeds":1,"minecraft:acacia_sign":3,"minecraft:dark_oak_sign":3,"minecraft:poppy":1,"minecraft:minecart":2,"minecraft:powered_rail":51,"minecraft:rail":617},"minecraft:killed":{"minecraft:ender_dragon":1,"minecraft:shulker":1,"minecraft:enderman":35},"minecraft:mined":{"minecraft:powered_rail":51,"minecraft:jungle_sign":1,"minecraft:dark_oak_sign":3,"minecraft:oak_sign":3,"minecraft:rail":673,"minecraft:acacia_sign":3}},"DataVersion":3578}