{"stats":{"minecraft:picked_up":{"minecraft:pink_petals":22,"minecraft:dandelion":1,"minecraft:wheat_seeds":1,"minecraft:llama_spawn_egg":4,"minecraft:glow_berries":3},"minecraft:dropped":{"minecraft:llama_spawn_egg":4,"minecraft:grass_block":1},"minecraft:used":{"minecraft:shroomlight":26,"minecraft:andesite_wall":4,"minecraft:spruce_boat":1,"minecraft:wheat_seeds":5,"minecraft:wooden_hoe":18,"minecraft:cherry_sapling":1,"minecraft:water_bucket":60,"minecraft:flower_pot":1,"minecraft:bookshelf":4,"minecraft:cherry_door":1,"minecraft:flint_and_steel":1,"minecraft:lantern":10,"minecraft:grass_block":204,"minecraft:spruce_slab":29,"minecraft:string":5,"minecraft:oak_planks":10,"minecraft:oak_sign":1,"minecraft:andesite_slab":104,"minecraft:spruce_trapdoor":12,"minecraft:barrel":8,"minecraft:pink_petals":45,"minecraft:glow_berries":13,"minecraft:hay_block":6,"minecraft:spruce_stairs":47,"minecraft:carrot":5,"minecraft:andesite":64,"minecraft:chain":10,"minecraft:campfire":16,"minecraft:coarse_dirt":6,"minecraft:cherry_log":11,"minecraft:bone_meal":43,"minecraft:candle":2,"minecraft:oak_fence":11},"minecraft:custom":{"minecraft:time_since_rest":128067,"minecraft:sprint_one_cm":64705,"minecraft:walk_one_cm":189310,"minecraft:drop":2,"minecraft:damage_dealt":15,"minecraft:fly_one_cm":960194,"minecraft:open_barrel":2,"minecraft:crouch_one_cm":1704,"minecraft:play_time":128067,"minecraft:sneak_time":2684,"minecraft:walk_under_water_one_cm":1507,"minecraft:pot_flower":1,"minecraft:boat_one_cm":2255,"minecraft:jump":632,"minecraft:leave_game":4,"minecraft:time_since_death":128067,"minecraft:walk_on_water_one_cm":22057,"minecraft:total_world_time":128067,"minecraft:climb_one_cm":338,"minecraft:fall_one_cm":1999}},"DataVersion":3578}